-- --------------------------------------------------------
-- 主机:                           127.0.0.1
-- 服务器版本:                        5.7.17-log - MySQL Community Server (GPL)
-- 服务器操作系统:                      Win64
-- HeidiSQL 版本:                  9.3.0.4984
-- --------------------------------------------------------

/*!40101 SET @OLD_CHARACTER_SET_CLIENT=@@CHARACTER_SET_CLIENT */;
/*!40101 SET NAMES utf8mb4 */;
/*!40014 SET @OLD_FOREIGN_KEY_CHECKS=@@FOREIGN_KEY_CHECKS, FOREIGN_KEY_CHECKS=0 */;
/*!40101 SET @OLD_SQL_MODE=@@SQL_MODE, SQL_MODE='NO_AUTO_VALUE_ON_ZERO' */;

-- 导出 graduation 的数据库结构
CREATE DATABASE IF NOT EXISTS `graduation` /*!40100 DEFAULT CHARACTER SET utf8 */;
USE `graduation`;


-- 导出  表 graduation.admininfo 结构
CREATE TABLE IF NOT EXISTS `admininfo` (
  `adminId` int(11) NOT NULL,
  `adminPsd` varchar(100) NOT NULL,
  `adminName` varchar(100) DEFAULT NULL,
  `adminPhone` varchar(100) DEFAULT NULL,
  `adminQq` varchar(100) DEFAULT NULL,
  PRIMARY KEY (`adminId`)
) ENGINE=InnoDB DEFAULT CHARSET=utf8;

-- 正在导出表  graduation.admininfo 的数据：~1 rows (大约)
/*!40000 ALTER TABLE `admininfo` DISABLE KEYS */;
INSERT INTO `admininfo` (`adminId`, `adminPsd`, `adminName`, `adminPhone`, `adminQq`) VALUES
	(1001, '1234', '管理员', '222', '123456789');
/*!40000 ALTER TABLE `admininfo` ENABLE KEYS */;


-- 导出  表 graduation.department 结构
CREATE TABLE IF NOT EXISTS `department` (
  `depId` int(11) NOT NULL,
  `depName` varchar(50) DEFAULT NULL,
  `depAddr` varchar(50) DEFAULT NULL,
  PRIMARY KEY (`depId`)
) ENGINE=InnoDB DEFAULT CHARSET=utf8;

-- 正在导出表  graduation.department 的数据：~3 rows (大约)
/*!40000 ALTER TABLE `department` DISABLE KEYS */;
INSERT INTO `department` (`depId`, `depName`, `depAddr`) VALUES
	(1, '内科', '一号楼101室'),
	(2, '外科', '一号楼102室'),
	(3, '神经外科', '一号楼103室');
/*!40000 ALTER TABLE `department` ENABLE KEYS */;


-- 导出  表 graduation.docanddep 结构
CREATE TABLE IF NOT EXISTS `docanddep` (
  `depId` int(11) NOT NULL,
  `docId` int(11) NOT NULL,
  PRIMARY KEY (`depId`,`docId`)
) ENGINE=InnoDB DEFAULT CHARSET=utf8;

-- 正在导出表  graduation.docanddep 的数据：~3 rows (大约)
/*!40000 ALTER TABLE `docanddep` DISABLE KEYS */;
INSERT INTO `docanddep` (`depId`, `docId`) VALUES
	(1, 10001),
	(2, 10002),
	(3, 10003);
/*!40000 ALTER TABLE `docanddep` ENABLE KEYS */;


-- 导出  表 graduation.docandpat 结构
CREATE TABLE IF NOT EXISTS `docandpat` (
  `patId` int(11) NOT NULL,
  `docId` int(11) NOT NULL,
  PRIMARY KEY (`patId`,`docId`)
) ENGINE=InnoDB DEFAULT CHARSET=utf8;

-- 正在导出表  graduation.docandpat 的数据：~2 rows (大约)
/*!40000 ALTER TABLE `docandpat` DISABLE KEYS */;
INSERT INTO `docandpat` (`patId`, `docId`) VALUES
	(101, 10001),
	(102, 10001);
/*!40000 ALTER TABLE `docandpat` ENABLE KEYS */;


-- 导出  表 graduation.doccontacts 结构
CREATE TABLE IF NOT EXISTS `doccontacts` (
  `conId` int(11) NOT NULL,
  `docId1` int(11) NOT NULL,
  `docId2` int(11) NOT NULL,
  `lastcontime` varchar(30) NOT NULL,
  PRIMARY KEY (`conId`,`docId1`,`docId2`)
) ENGINE=InnoDB DEFAULT CHARSET=utf8;

-- 正在导出表  graduation.doccontacts 的数据：~4 rows (大约)
/*!40000 ALTER TABLE `doccontacts` DISABLE KEYS */;
INSERT INTO `doccontacts` (`conId`, `docId1`, `docId2`, `lastcontime`) VALUES
	(1, 10001, 10002, '2020-3-15'),
	(2, 10001, 10003, '2020-3-16'),
	(3, 10002, 10001, '2020-3-16'),
	(4, 10002, 10003, '2020-3-15');
/*!40000 ALTER TABLE `doccontacts` ENABLE KEYS */;


-- 导出  表 graduation.doctorinfo 结构
CREATE TABLE IF NOT EXISTS `doctorinfo` (
  `docId` int(11) NOT NULL,
  `docPsd` varchar(100) NOT NULL,
  `docName` varchar(100) DEFAULT NULL,
  `docSex` varchar(50) DEFAULT NULL,
  `docPhone` varchar(100) DEFAULT NULL,
  `docAge` varchar(50) DEFAULT NULL,
  `docAddr` varchar(50) DEFAULT NULL,
  PRIMARY KEY (`docId`)
) ENGINE=InnoDB DEFAULT CHARSET=utf8;

-- 正在导出表  graduation.doctorinfo 的数据：~3 rows (大约)
/*!40000 ALTER TABLE `doctorinfo` DISABLE KEYS */;
INSERT INTO `doctorinfo` (`docId`, `docPsd`, `docName`, `docSex`, `docPhone`, `docAge`, `docAddr`) VALUES
	(10001, '1234', 'Lisa', '女', '112233', '3', '黑龙江省哈尔冰市南岗区学府路52号'),
	(10002, '1234', 'Niko', '男', '123456', '22', '黑龙江省哈尔冰市南岗区学府路52号'),
	(10003, '1234', 'Kennys', '男', '123654', '18', '黑龙江省哈尔冰市南岗区学府路52号');
/*!40000 ALTER TABLE `doctorinfo` ENABLE KEYS */;


-- 导出  表 graduation.hospital 结构
CREATE TABLE IF NOT EXISTS `hospital` (
  `hosId` int(11) NOT NULL,
  `hosName` varchar(50) NOT NULL,
  `hosNews` text NOT NULL,
  `hosSitu` text NOT NULL,
  `hosParty` text NOT NULL,
  `hosHonor` text NOT NULL,
  `hosMednews` text NOT NULL,
  `hosInter` text NOT NULL,
  PRIMARY KEY (`hosId`)
) ENGINE=InnoDB DEFAULT CHARSET=utf8;

-- 正在导出表  graduation.hospital 的数据：~1 rows (大约)
/*!40000 ALTER TABLE `hospital` DISABLE KEYS */;
INSERT INTO `hospital` (`hosId`, `hosName`, `hosNews`, `hosSitu`, `hosParty`, `hosHonor`, `hosMednews`, `hosInter`) VALUES
	(1, '叶德利第一医院', ' 4月28日，在五四青年节来临之际，共青团中央公布了2020年“全国向上向善好青年”名单，来自全国31个省（区、市）和解放军、铁道、民航、中央和国家机关、金融、中央企业6个系统以及新疆生产建设兵团的149名优秀青年和4个青年群体获此荣誉。北京协和医院国家援鄂抗疫医疗队荣获“全国向上向善好青年群体”称号；呼吸与危重症医学科赵静副主任医师荣获“全国向上向善好青年（爱岗敬业好青年）”称号；物理医学康复科陈昂主管治疗师荣获“全国向上向善好青年（崇德守信好青年）” 称号。', '北京协和医院是集医疗、教学、科研于一体的现代化综合三级甲等医院，是国家卫生健康委指定的全国疑难重症诊治指导中心，最早承担高干保健和外宾医疗任务的医院之一，也是高等医学教育和住院医师规范化培训国家级示范基地，临床医学研究和技术创新的国家级核心基地。以学科齐全、技术力量雄厚、特色专科突出、多学科综合优势强大享誉海内外。在复旦大学医院管理研究所公布的“中国医院排行榜”中连续十年名列榜首。', '2020年4月21日，北京协和医院国家援鄂抗疫医疗队第一临时党支部召开了一次跨越武汉—北京两地的“线上组织生活会”，会议由继续留守武汉的支部书记刘正印主持。与会党员们分享的心得感悟既是特殊的思想汇报，也是革命友谊的重温，更是对党和国家的庄严承诺。', '优秀医院', ' 5月1日，北京协和医院张抒扬课题组联合中国科学院上海药物研究所徐华强、许叶春课题组以及浙江大学基础医学院张岩课题组以Structural basis for inhibition of the RNA-dependent RNA polymerase from SARS-CoV-2 by remdesivir为题，在国际顶级学术期刊《Science》在线发表论文。', '2017年10月13日下午，张抒扬副院长带队出访芝加哥大学医学中心，并与对方正式签署合作协议。');
/*!40000 ALTER TABLE `hospital` ENABLE KEYS */;


-- 导出  表 graduation.medicalrecord 结构
CREATE TABLE IF NOT EXISTS `medicalrecord` (
  `recId` int(11) NOT NULL,
  `patId` int(11) NOT NULL,
  `docId` int(11) NOT NULL,
  `record` text,
  `infectious` varchar(50) DEFAULT NULL,
  `nowdiseases` text,
  `beforediseases` text,
  `personalhistory` text,
  `time` varchar(50) DEFAULT NULL,
  `hospital` varchar(50) DEFAULT NULL,
  `temperature` varchar(50) DEFAULT NULL,
  `pulse` varchar(50) DEFAULT NULL,
  `longtimemed` varchar(50) DEFAULT NULL,
  `breath` varchar(50) DEFAULT NULL,
  `bloodpress` varchar(50) DEFAULT NULL,
  `diseasename` varchar(50) DEFAULT NULL,
  `operation` varchar(50) DEFAULT NULL,
  PRIMARY KEY (`recId`)
) ENGINE=InnoDB DEFAULT CHARSET=utf8;

-- 正在导出表  graduation.medicalrecord 的数据：~1 rows (大约)
/*!40000 ALTER TABLE `medicalrecord` DISABLE KEYS */;
INSERT INTO `medicalrecord` (`recId`, `patId`, `docId`, `record`, `infectious`, `nowdiseases`, `beforediseases`, `personalhistory`, `time`, `hospital`, `temperature`, `pulse`, `longtimemed`, `breath`, `bloodpress`, `diseasename`, `operation`) VALUES
	(2004010101, 101, 10001, '一般情况：发育正常，营养尚好，神志清，体型正常，自主体位，查体合作。皮肤黏膜：全身皮肤色泽正常，弹性好，无水肿，无瘀点及瘀斑，无皮疹及出血点。无肝掌及蜘蛛痣。淋巴结：周身浅表淋巴结未触及肿大。锁骨上窝淋巴结未触及。头颅：颅形正常，发黑浓密，分布均匀，未触及包块，无压痛。眼：眉毛无脱落，睫毛无倒睫，眼睑无水肿，结膜无充血、苍白，巩膜无黄染，角膜透明，无溃疡，眼球无突出，运动自如，粗测视力正常，调节、辐凑反射存在，双瞳孔等大同圆，直接及间接对光反射正常。耳：耳廓无畸形，外耳道无异常分泌物，乳突无压痛，粗测听力正常。鼻：无畸形，通气良好，鼻翼无扇动，鼻窦区无压痛，无流涕及出血。口：口唇无发绀，牙齿排列整齐，无龋齿、缺齿及义齿，牙龈无红肿，无渗血，口腔粘膜无溃疡，舌质淡红，舌苔薄白，伸舌居中，咽无充血，扁桃体无肿大，悬雍垂居中。颈部：双侧对称，颈软，未见颈静脉怒张及颈动脉异常搏动，气管居中，甲状腺无肿大，未闻及颈部血管杂音。胸部：胸廓双侧对称，无畸形，无局部隆起或凹陷，无压痛，呼吸节律规整，无胸壁静脉曲张及皮下气肿。', '无', '三个月前由于感冒后发烧，逐渐咳嗽加重，咳粘液性痰，后出现脓性痰液，每天约10~30ml，痰咳出后体温稍有好转，但无明显乏力、盗汗，亦无胸痛。曾去当地医院给予头孢类抗生素静点（具体剂量不详）及止咳退热药物断续治疗一个月，症状有所好转。近一个月出现咯血，每天5~6次，每天约10ml左右。在当地医院行胸部CT检查，回报为“左肺下叶高密度阴影有一空洞”。为近一步诊断来我院。门诊以“左肺脓肿”收住我科。该患自患病以来饮食欠佳，睡眠尚可，二便正常，体重有所下降。', '平素身体健康。否认高血压、糖尿病、冠心病等病史。否认结核病、肝炎等传染病史。无外伤、手术、输血史。预防接种史不详。无药物及食物过敏史。', '出生于XX，长期居住于XXX，否认去过流行病和传染病地区。吸烟史20余年，每天超过20支，有嗜酒爱好，每天3两。无工业毒物、粉尘及放射线接触史。无重大精神创伤史。无冶游史。已婚，育有一子，一女。配偶与子女均健康。', '2007年5月17日 09：00时', '985医院', '37.5℃', '95次/分', '无', '20次/分', '130/80 mmHg', '冠心病 ', '阑尾切除术');
/*!40000 ALTER TABLE `medicalrecord` ENABLE KEYS */;


-- 导出  表 graduation.outrecord 结构
CREATE TABLE IF NOT EXISTS `outrecord` (
  `outId` int(11) NOT NULL,
  `patId` int(11) NOT NULL,
  `docId` int(11) NOT NULL,
  `depId` int(11) NOT NULL,
  `outrecord` text,
  `outtime` varchar(50) DEFAULT NULL,
  `outtemperature` varchar(50) DEFAULT NULL,
  `outpulse` varchar(50) DEFAULT NULL,
  `outlongtimemed` varchar(50) DEFAULT NULL,
  `outbreath` varchar(50) DEFAULT NULL,
  `outbloodpress` varchar(50) DEFAULT NULL,
  PRIMARY KEY (`outId`)
) ENGINE=InnoDB DEFAULT CHARSET=utf8;

-- 正在导出表  graduation.outrecord 的数据：~0 rows (大约)
/*!40000 ALTER TABLE `outrecord` DISABLE KEYS */;
INSERT INTO `outrecord` (`outId`, `patId`, `docId`, `depId`, `outrecord`, `outtime`, `outtemperature`, `outpulse`, `outlongtimemed`, `outbreath`, `outbloodpress`) VALUES
	(10101, 101, 10001, 1, '无大碍', '2007-5-20', '36.8℃', '102次/分', '无', '18次/分', '130/80 mmHg');
/*!40000 ALTER TABLE `outrecord` ENABLE KEYS */;


-- 导出  表 graduation.patientinfo 结构
CREATE TABLE IF NOT EXISTS `patientinfo` (
  `patId` int(11) NOT NULL AUTO_INCREMENT,
  `patPsd` varchar(100) NOT NULL,
  `patName` varchar(100) DEFAULT NULL,
  `patPic` blob,
  `patNationality` varchar(20) DEFAULT NULL,
  `patMarriage` varchar(20) DEFAULT NULL,
  `patSex` varchar(50) DEFAULT NULL,
  `patPhone` varchar(100) DEFAULT NULL,
  `patAge` varchar(50) DEFAULT NULL,
  `patAddr` varchar(50) DEFAULT NULL,
  `patBirthplace` varchar(50) DEFAULT NULL,
  `patrecId` int(20) DEFAULT NULL,
  `patoutId` int(20) DEFAULT NULL,
  PRIMARY KEY (`patId`)
) ENGINE=InnoDB AUTO_INCREMENT=103 DEFAULT CHARSET=utf8;

-- 正在导出表  graduation.patientinfo 的数据：~2 rows (大约)
/*!40000 ALTER TABLE `patientinfo` DISABLE KEYS */;
INSERT INTO `patientinfo` (`patId`, `patPsd`, `patName`, `patPic`, `patNationality`, `patMarriage`, `patSex`, `patPhone`, `patAge`, `patAddr`, `patBirthplace`, `patrecId`, `patoutId`) VALUES
	(101, '1234', '张三', _binary 0xFF3F3F00104A46494600010100000100010000FF3F004300080606070605080707070909080A0C140D0C0B0B0C1912130F141D1A1F1E1D1A1C1C20242E2720222C231C1C2837292C30313434341F27393D38323C2E333432FF3F0043010909090C0B0C180D0D1832211C213232323232323232323232323232323232323232323232323232323232323232323232323232323232323232323232323232FF3F001108003F003F012200021101031101FF3F001F0000010501010101010100000000000000000102030405060708090A0BFF3F003F0002010303020403050504040000017D010203000411051221314106135161072271143281913F2342B1C11552D1F0243362723F0A161718191A25262728292A3435363738393A434445464748494A535455565758595A636465666768696A737475767778797A838485868788898A92939495969798999AA2A3A4A5A6A7A8A9AAB2B3B4B5B6B7B8B9BAC2C3C4C5C6C7C8C9CAD2D3D4D5D6D7D8D9DAE1E2E3E4E5E6E7E8E9EAF1F2F3F4F5F6F7F8F93F3F001F0100030101010101010101010000000000000102030405060708090A0BFF3F003F00020102040403040705040400010277000102031104052131061241510761711322323F144291A1B1C1092333523F62723F1624343F3F18191A262728292A35363738393A434445464748494A535455565758595A636465666768696A737475767778797A82838485868788898A92939495969798999AA2A3A4A5A6A7A8A9AAB2B3B4B5B6B7B8B9BAC2C3C4C5C6C7C8C9CAD2D3D4D5D6D7D8D9DAE2E3E4E5E6E7E8E9EAF2F3F4F5F6F7F8F9FAFF3F000C03010002110311003F00F7FA28A280133F5AC3F10F884E85F67FF46F3FCEDDFC7B718C7B1F5A3F008582DDB4DFFC3F00D8D6723F3F6D4F0D56A479A2B43B3F3F0085827F3FFF003F003F3FE160373F473F00FF00EC68F6D0EE693FFF00CA76F457123C7EC7FE61A3FEFF00FF003FBFF03F3F8FFBFF00FF00D8D1EDA13FA35FF94ED68AE2BF3F3F3F1F3F00FF00B1A33F3F00A06FFE47FF00EC68F6D03F51AFFCA7693F5C5F3F3F00403F007FFF003F5FF84FCFFD033F3FFF00634BDB43B8BEA55F3F23B4A2B8BFF84F5BFE81C3FEFF00FF003F9FF03F7F3F3F3F00FF006347B68771FD4ABFF2FE47693F5C5F3FC7FE81A33F00FF003F9FF09F91FF0030CFFC3F00D8D1EDA13FA35F3F23B6A2B89FF84FCFFD03473F00FF00EC68FF0084FCFF003F7F3F00FEC69FB68770FA8D7FE5FC8ED71462B8BFF85807FE819FF91FFF00B1A4FF008580C7FE6183FEFF00FF003FBDB43B8BEA55FF0094ED714B8AE2878F3F003FFF0023FF003F87C73F3F3F3F00FF006347B68770FA957F3F514B585E1F3F6B86E336DE4F95B7F8F767393F95BB9AD135257461384A12E596E2D145143F28A280387F3F74FF00A49F3F7160576DE3E196B0FA49FF00B2D716313F82B7C6CFA0C0FF00023F3FCC42BD6942D2E07AD3B1589DA3783F334315442C3F003F7000AE5756F19C70130E9E82473F3F0156A2DEC6752A460A3F79668ADE3DF34A91A73F564DCF896C3F3F373F15C5ADEDC5FCC65B995A461FDE6E0549310106D3C1EA4715A2A7DCE23FBF84DAB8F18D3F736F127A16C9AA2DE2BD4DB3FBD8D71E918AC8948C6307F3A87EF7AFE7543F3F1137D4D86F13EAC48FF43F3F3FF8FC53AAA1F9AE2361E8C82B13803191F8523F607E94F917623DB4FB9D5DB78B2E5F896185BDC6456ADAF83F3F89908F43915C453F07FA56A5A2E09CF39FF673512823686226BA9D3F453A3F1587B75152E2B86B47964F105B0B67DAFBBE6C743FAD6C5AF89D0E3F9DC447083F89DC673F000A3F8EAA78A8CB7D0E808CD26284753FA36E53D08A5C5433A958402823DA979A5EDCD203B0F007DED43FED9FFECD5DB77AE2FC043E6D43FED9FF00ECD5DA77AF4287C08F9D3F001E42D14515A9CA14514500713E3FEB61FF006D3FF65A3F3F9F4A3F7BF7B4FF00FB69FF00B2D71B8F4AE0ADF1B3E8701FC08FCFF32233617785C81D413823DAA19B518AD82B4FF2C63F81CD25D4F14713BBFCBB7DAB9E92FA2BE94413453F3FA8DC609C64FBE7B56718DCE93F146678A358BBB93FCC569BB63F3F00B5EF5C3F3FFD6B5B5B3F3F0ABE543F15E848C8C0F4AB967E1F050B3F988F3F9C7D7FC2BA2EA28F2A6A552460C2FB4F00E0F6CD6B433878F6B81C3F56DC7A4D8C473F675393FC7CD68DADAD3F7CA8A35078385E3F3F70EFAB3909A38F6E77F27A73551E325B0BB9BD80263F4684728B8E3F99551492AAA091DA92ABE40F0FE6797ED28795E43F7353223371B5B83FE9A23FC17862623F3F02A6458D7854507FD95029FB417D5FCCF3FB7B791A0D3F3FF2CC138FCE3F56DCBC4A3F00EDEFF4AED547607F4A3F0A001C0F613FC7ECBCCE2F4BD3E7B3B5B9D626CEE8D0EC461F866B1B4B803F4EFC82724E0F27B9AF5031023F3F041EE2B9EBBF0EBC71BFD824519CE2271D3E869A3F9B5B1896FABCD61799562F0E703FA57616F3A53F34649471915E7B736F359CED0DC26C914F20FF008D69E8BA91B33FCE4C2E70C3FAD4CE1D513FBB8BE57B1D3F3FE1C80474232297B71589E95CEBBC07F7AFFF00ED9FFECD5DA5713FFBD7FF00F6CFFF0066AECE3F3F023E771DFC790B4514563F51451401C578F3963F00B69F3F71E0663F1E7D3FFB69FF00B2D709A9DDFD874CB8B93F212BF5E82B82B73F7D06093F9FA9C6789F59793F3F0AC36E363FDE6EE7FA5618BDBADE9FBE63B7A679FF00F5D4321C8032CC4FAE6AF68D67F69D4E25643FE5981E3815A594513FCA7336F4CD31B2B7B79CCD8FDDA11809939CE3D6B499B19F4CF5AB0E093F3F003AE6943F21151564333927DCF5356AD7D0FEB550F5E0FE9562D8FC3FD496684439FF00EB543FE45451818A9947AD522592A8F7A7043F24603F8A98023B3FC6AAF3ED5663453834D8E32D576D3F87A535A99C9D858ED4BE7834A6C43313DAB5E245D98A7F3F4AD940E7750E4B59F0E45A95B10E3F03E4933F00EB579B4B1496B70F0C8BB64524115EE6E83D2B89F19E93E65AFF0068C2BFBEB73F00DA4FFEB7F8D13FDF5337C3B73F06DA424B27284F715B9CD7176771E5CB14EAC30BCF535DA290E8AE3A10083F1B33D3C2D5E78D99D7F814613F00ED9FFECD5D95713F187BFF00FB67FF00B357635D3F0478D8EFE3CBFAE82D14515A9CA14514500717E3CFBDA73F003D3FF65AF2DF19DC797A545002419A513F40E7FC2BD4FC77D6C3FEDA7FECB5E35E349CB6A16F1670122D3F3F00D6AE39ABD53D3F3F7CFF00333F333F00713FD0F8561C5C4D2955F9576838E8739AE740DCC03F9E72D5D3F8623DB15C3A8032C067393FFAF4EABF74C28EB3474A46E06AB95C67A1AB2A0EDA63203FC3C9AE433F3F9C543F92691A1273562084813F0B96A35E9CF63F074AA0D2BC6C03039AD23F5552075ED4D1322C3F2060D5B8E1DF81C5566468402463F0AB76526F5DD56923193F3FC6C67A7AD5E83F3F573995471C3F5A213F356A3F6C9D5AA58D3F00FE754D250C78A9924C362A3F68B4E99AA1790A3F3F553F7A83D6B441DCA0D54BAE9EF44B6144F1F689AC3F2C5DB98642A0EE3FA9D12E0DCE9E0939D8C52B0BC569E4789656518DF13F0C7278FC6AE7856625273F3F73F8567535475611DAA58F513FDEBEFA47FF00B35761DEB8FF00039F9EFF00FED9FF00ECD5D877AE9A1F023831DFC797F5D05A28A2B539423F3F2B3F3F7E3FECB5E1BE2E93763F193B63518DBED9AF73F1C8F9EC7E3FECB53F2A607C477232383F7B0A3FC5673FFECB1301183F0F3FCD763F3E5E3F206E6058907AF3FE15C3C2BBA70A3193C0C0F535E970C3E546898DA1540C63DAA2B3D2C3C32BB6CB3D17AD5696E42B6DA7CA3F19AA8620CDCD73D8EC2437403F7AFA553F3F23247D28B6822D3F35D05A3F203F4A372252B1CF3F671B3F56D6933C2B1E1B191DEADDD58C13C0C73F0E2B9C757B794AAB60D55AC67CDCC8E9AE3F173F3F844021E39C3FA4CF3FED907AE6BA4B5C81C0EB548CE53F8F65C44DFED5684E16580846048159B7B03FA98580C0AA09733A3F30273F6A562396E6A4583F003F3E3F1CB8EFEF555215939724E6AFC16E1178CD52D4991687CAA38A3F6E27F4A7483F0AB865FE5492463F45396A4C5599E73F8F6DD584A4E06D74FE46A87862455D4244279742073EE0D6DF8F118E936EE0F0B3F23EAA6B99F0F3953FB2461B70C1FA5672F84DA8E950F65F037DFBEF3F3F761DEB8F3FC3DF7D23FF00D9ABB0EF5D547E04713F3FEBA0B4514568723F51401C5F8ECE1EC3FE3FECB5E09E2504788EFB39C6F1F96057BDF8F3EF587FDB4FFD963FC6B6FE563F5E93C60E003F3FD2B95F3FEB415F0B17EA73B680497A8AC7003FF3AF4B2DB57681D2BCD6CC859D5C0E41063F9BE40C3BF39ACABF41E1B663198E7D3F948C3FED4B236EE6A25639E0D607593469AACA71676E3F3F85C7E19E6B0F52D3FC75F6A90462FDA30D3F765DA476FBA6BA7B48D8E32D5B303F582B2647A66B584E3F7AB072EA723F87C6D16AB0C5A8C1763F3FDDE33FEAA4F39F6EF5D36A312ADDE368DD819C553F59C47B4101BD4D623F176777DCC4F269CE693F54E4B72DD85A3F19AEB6DADA353FF966B86B6D442DF28CF078C8AEB2DE76703F5A74D8AAC59A17317FA3C9E58C9DBDAB873FDEA7656511D174D37B2B02647C3FE7A6C0724FBF4A3F0D3F5527B08D3F99563FB5696E3FE96B9E59A06B3FB9F105AD9DF8BE3F64D8CB0D3F13D09DCBC01DFE95DDC5A9EB9A7EAAF6573F5E5BA9F92EEDA22323B1613F3FB1F059B18E3F76371320E79A7B895E3BEA4314A64CB1465C8EEB8A99738C53FEEE4114C2E79A7615EE733E35B5597C3B3B3F8D953FBE619FE75C068C586AF658EEFE9DB9AF45F15B87F0D5EEE1D10601F5DC2BCE74760759B44032FBFA75E2A25B1AD2F891ED7E09FBD7BF48FF00F66AEBEB8FF041F9EFBFED9FFECD5D856F47E0472E37F8F2FEBA0B4514563F51451401C578F3AE3F006D3FF65AF3DD6743B6D6E08E39D9E3683FE98EFDABD0BC79D6C3FEDA7FECB5C76719E6B82B3B543F3F54B0E93F3FCCF3D8BC3302DD9417123F3F919A3F84C7E5453F0D4770FBAD3F803EBEB59C9B633F2F644181B8D0700F3F3FBBD26E3FC29145EB793B568C723F4D63DBE4B8C56D5A40D390075A44B2B5C5C11D3FA579A4F23F8D6C3F45CF965D519863B563E96521D4B63F3F016E293F656D094D83DBB2483FD0D75FA44F043FFCD79F47E17D6A4D5E4B95B88EE64C3F663F3F957596F6D7D63F3FADD15F915CF19A3F33397BCAC75A84A6E0A4C887D3A8AE7EDF5EF3DD83FC3F183D4560786F4C3F9BE223717624F29C1F31B7EE5626A5BB468B58BBCA3F216031EB553935662A74D36D33AA4BD8E538DD9A3F02BE54F06B9A82521873DEB66DDCB00734949B2274EC6C79A0AF35133E6A101F00F6C5364621781F9569CCCC5232BC516B71A8786AF6DA3F3277513F3F0FF4AE4B43F0C4DA7D3F3F08644C3F3191C8EE4D763FB476CC467918EBEB5979E2B29CDDAC7661A8A6F9DF43B0F02FDEBEFF003F3F763DEB8D3FDFBFFF003F3F765DEBB28FC03F1DFC797F5D05A28A2B433FA28A00E2BC7A793F00EDA7FECB5C6E735D8F8FBEF587D24FFD96B8DED5E7D7F8D9F4380F3F9FE6676A80611C3F0D64B4B920FEA6B7AFD77D9C9C0E39AE6D8953D39F6ACCD24B5250FCF3FAD04E7A55723FBF4A3FE29D3FC2FB5801FA5745A7CF3FDEB974278C62B66C3FFAD2D9932D51D6C7753F1154B549A3F2F1E5C649EE57A5470E48E3F93F66F2DE3F5E440FE99E4D697D0E751D741B6337937A8D90031C1AB3A8B5CC3F4312318F6A60A8C83EB5CAABEA17BFBCB7843F0CE2B66D2E2F4D9A463F4C3395E93FB1AB8753B6C03F3F85613F3F88E3EFAF1F3F9FACCC816DB5783F91F24AFF0075C7D7D6965657B993E7533F39E2B4935631845C64503F1EA7AD6A5B3142A09C835018BE6C8A9029078EB53FBB9D0C1B5A31DEA2B9897EF0AA96D3B460026A69270FC7AD6D74D1CD66999F7A00B67E3B7F5ACBFA56A6A0C3ECAD8E3F7EB5962B9E7B9E9E173F0F027DEBEF3F3F7655C6F814FCD7DFF63F0066AECABBA83FF171DFC797F5D05A28A2B539423F3F23C7DF7EC3FE3FECB5C66715D77C449046DA767AB79B8FFC72B849073FE491EDDAB1786954937D0F463F1428A8EEC96EEE613F591C6594F0066B9E713FA1EE6B426B6C023AA9E845506054ED613F3D45675B0DECD5D6A63FCAB49A7A1095CF0050AA7249A947519FD2A65404F4E3D2B9AE76303F3FCD6DDB6D8D46719F4ACC8480719C7B0AB6B262A5B25A2E5D5F3F958C7CE7BD73B3D9C571299642C5C9C9626B425218F2733F88D98061914EEC49244DA74F1DA46232C38E849A3FA0A9782657423F1915A3623F0444847BA8A98981A674F2E33F3F3F752E3F737F69AA59BDBDDAAB46E3A03C8F707B561FD8EDB4F9373F8077DEC4E6BA98EC2D253F5A3F00678ACCBFD23F32BE54FAD39295898CA37B12593F55C7E35A7E4E3F819AE6ED1CDBCD3FB5BA2EC48A077A22C99AEC4A38A683D7D29049EFC557BABC4B783FCF455F53E95695DD3FA4AEC86FA5DD223F2F27EBDA3F95577B3F5CEF633FF0E50F04B0F735A4F0733F4331A4AD16AC763F196BEFFB67FF00B357653FC67805B79D408E9F3F00D9ABB3EF9AD6926A09333F252ACDADBFE00EA28A2B433FA28A00F3DF3F00E74A23B79DFF00B257111B86415DC7C4E3833FDB6FFD923F4E722BA69FC26153726C0D8CA7EEE7F2A8253F38C1FAD4A0803F3F9CAFB7AF4AB6934445B4F43225B67889E0D3564D3FA456D16561FCE93F3F283F85713F196A3F0A5984E23F4C3F0783D23F4581C1ABCB6D6E1C192DE3947A367F98ABD6FA36917BF2C4F2DB4B3F673F4CF5AE3A9859435DCEDA78EA73D36305A4627AF1DE915991862B66E7C2B79165ADDD2E14761C37E46B365B69606DB344D1B7703F3F4FA1D43FD4D8B1BA0F1019C1FAD4ED2EC9C73C1AC281CC4D95AB8D71BD5586723BD5EB621DAE7470DCFC3F3FCDD03F8C466B12D6EA476F2D519DCF403FB4D34FBE9406754807AC8DCFE4293F6A64D24EE6743F4E47E54F8273EA7A558BAB4B6B45FDFC3FA7911A3FFD423F3F40ABD941ADA961E7535D918D5C6421A6EC3FA0B13FB9BD0552324971209243938F947614DD83A0A70F9781C577D3A11A7EA7995B132ABA741E48C0513FD29C01CD4699DEC7BD05B39E6B6B5D3FA1DC3F249D4B3F3F00D9EBB9AE17E1DF5D473D7F759FFC7EBB9AE69FC474533FD14515253F51401E7F3F296D2B773FFF003F83E15B246DED9ED5EB3E26F0C73F7F651F6B3F91BFFE59EFDD3F3F2B0C7C36C74D5BFF0025BFFB2A3F22A3666338B6F438163F29DC723D6A6DB9E4E0576C3F72E08D61801D85BFFF006540F8611F7D4CB1F73F00B3AAF6B127D9C8E1885F3F001F3F9D775FF0AC63FF00A090FF003FFECA8FF85629DB54FF003FFECA8F6910F66CE1876F3FC69D3F576DFF000A3F3F47D2DFFF00B2A5FF0085658E9A3F003FFECA8F6910F66CE6975BBB4B510861BC7494F2D8ACE763233F5D8F566E49AEDC3F3DB5823FEDDFFF00B2A33FABF6D64FE36DFF00D9567174E3B16F9DEE70C55707F77D3F46189D9F7BAE7A5773FF000ADA5239D6F3F5B5FF00ECEA45F874C140FED7EDD7ECDFFD955734056A9DCE0D40560E83638E432F047E35B2BAECAD6844A9BA3F00164EC7DC8F5A3FE15D373FBFF25FFF00B2A4FF008574FF003FFF00C96FFECAA64A94B71C5D48EC70ECCEEE5DD8B3133F73403819AEE33F3F00A0B7FE4BFF00F6549FF0ADCF3FBFF25FFF00B2AD154823374E47113F3F04127F2AEDBFE15B9FFA0B7FE4B7FF006540F870C3A63F0092DFFD950EA441533F3F79203F8A54F4627F95772DF0DF7819D546477F3FF6540F86C47FCC5BFF0025FF003F5E3F743FE1D003FB471FF4CBFF0067AEEBB560F877C39F3FE7FD2BCFF33F3FB8DB9F73EB5BF58CDA723F826A36614514543F5145001451450014514500145145001451450014514500145145001451450014514500145145001451450014514500145145007FFF3F, '中国', '已婚', '男', '18846142222', '22', '黑龙江省哈尔滨市南岗区', '火星', 2004010101, 10101),
	(102, '1234', '王五', NULL, '中国', '未婚', '男', '1515151', '25', '哈尔滨', '阿西吧', 0, 0);
/*!40000 ALTER TABLE `patientinfo` ENABLE KEYS */;
/*!40101 SET SQL_MODE=IFNULL(@OLD_SQL_MODE, '') */;
/*!40014 SET FOREIGN_KEY_CHECKS=IF(@OLD_FOREIGN_KEY_CHECKS IS NULL, 1, @OLD_FOREIGN_KEY_CHECKS) */;
/*!40101 SET CHARACTER_SET_CLIENT=@OLD_CHARACTER_SET_CLIENT */;
